x_He,T_K,P_GPa,n_atoms_per_A3,V_per_atom_A3,T_mean_K,P_mean_GPa,n_samples,status
0.00,2000,800.0,1.015774,0.984471,1995.8,799.8089,50,ok
0.00,3000,800.0,1.001387,0.998615,2991.7,799.9563,50,ok
0.00,4000,800.0,0.987900,1.012248,3998.7,800.4026,50,ok
0.00,5000,800.0,0.975430,1.025189,4975.5,799.5776,50,ok
0.00,6000,800.0,0.962618,1.038833,6030.1,799.3543,50,ok
0.00,7000,800.0,0.952254,1.050140,6940.1,801.2579,50,ok
0.00,8000,800.0,0.940472,1.063296,8006.2,800.4993,50,ok
0.00,9000,800.0,0.929492,1.075856,8943.1,799.9335,50,ok
0.00,10000,800.0,0.919285,1.087802,9954.6,798.9855,50,ok
0.00,11000,800.0,0.908272,1.100992,11002.7,799.6785,50,ok
0.00,12000,800.0,0.898853,1.112529,12031.3,800.5306,50,ok
0.10,2000,800.0,0.946941,1.056032,1994.8,800.1777,50,ok
0.10,3000,800.0,0.933667,1.071045,3003.9,800.1330,50,ok
0.10,4000,800.0,0.921956,1.084650,3959.3,799.5339,50,ok
0.10,5000,800.0,0.910817,1.097915,4964.9,800.2877,50,ok
0.10,6000,800.0,0.899463,1.111774,5991.4,799.8352,50,ok
0.10,7000,800.0,0.889769,1.123888,6994.8,800.2066,50,ok
0.10,8000,800.0,0.879277,1.137299,8015.0,798.8836,50,ok
0.10,9000,800.0,0.869965,1.149472,9056.9,800.3260,50,ok
0.10,10000,800.0,0.860660,1.161899,9978.7,799.2570,50,ok
0.10,11000,800.0,0.850681,1.175528,11076.6,799.1824,50,ok
0.10,12000,800.0,0.842418,1.187060,11977.7,798.9656,50,ok
0.20,2000,800.0,0.889053,1.124793,2015.1,799.6454,50,ok
0.20,3000,800.0,0.876914,1.140363,3014.5,800.1509,50,ok
0.20,4000,800.0,0.865556,1.155327,4009.4,800.1538,50,ok
0.20,5000,800.0,0.854314,1.170530,5010.7,800.0601,50,ok
0.20,6000,800.0,0.844547,1.184067,6040.2,800.4640,50,ok
0.20,7000,800.0,0.835338,1.197120,7044.7,800.5997,50,ok
0.20,8000,800.0,0.826231,1.210315,7978.2,799.6867,50,ok
0.20,9000,800.0,0.818113,1.222326,8917.2,800.3345,50,ok
0.20,10000,800.0,0.809986,1.234589,9951.3,799.8180,50,ok
0.20,11000,800.0,0.800832,1.248701,11012.4,799.6705,50,ok
0.20,12000,800.0,0.792922,1.261159,12077.3,800.6687,50,ok
0.30,2000,800.0,0.837059,1.194659,1999.6,799.5119,50,ok
0.30,3000,800.0,0.825929,1.210758,3018.0,800.1609,50,ok
0.30,4000,800.0,0.815771,1.225834,3982.1,799.6865,50,ok
0.30,5000,800.0,0.804778,1.242579,5014.4,799.6324,50,ok
0.30,6000,800.0,0.795785,1.256620,6011.3,800.3133,50,ok
0.30,7000,800.0,0.786595,1.271302,6971.6,800.3330,50,ok
0.30,8000,800.0,0.778257,1.284923,8052.7,800.0304,50,ok
0.30,9000,800.0,0.770307,1.298185,9022.1,799.5040,50,ok
0.30,10000,800.0,0.762739,1.311064,10018.3,800.5281,50,ok
0.30,11000,800.0,0.754810,1.324838,11065.7,800.0277,50,ok
0.30,12000,800.0,0.748639,1.335757,12027.5,800.2714,50,ok
0.40,2000,800.0,0.791023,1.264186,2008.4,799.9156,50,ok
0.40,3000,800.0,0.782280,1.278314,2983.3,800.2317,50,ok
0.40,4000,800.0,0.772390,1.294682,3999.0,799.8256,50,ok
0.40,5000,800.0,0.762789,1.310979,5043.6,799.3521,50,ok
0.40,6000,800.0,0.753988,1.326280,5994.5,799.0819,50,ok
0.40,7000,800.0,0.745785,1.340869,6958.2,800.3368,50,ok
0.40,8000,800.0,0.737530,1.355877,7994.9,799.5896,50,ok
0.40,9000,800.0,0.730574,1.368786,8978.8,800.5072,50,ok
0.40,10000,800.0,0.723133,1.382871,9997.9,800.2668,50,ok
0.40,11000,800.0,0.715690,1.397252,11070.9,799.5786,50,ok
0.40,12000,800.0,0.709452,1.409538,11986.0,799.6997,50,ok
0.50,2000,800.0,0.750443,1.332546,2011.4,800.0446,50,ok
0.50,3000,800.0,0.742332,1.347105,2995.2,799.9372,50,ok
0.50,4000,800.0,0.733639,1.363069,4010.9,799.8143,50,ok
0.50,5000,800.0,0.725523,1.378315,4966.6,800.5754,50,ok
0.50,6000,800.0,0.716352,1.395961,6016.2,800.1539,50,ok
0.50,7000,800.0,0.708016,1.412397,6972.7,799.8589,50,ok
0.50,8000,800.0,0.700883,1.426772,7990.2,800.3031,50,ok
0.50,9000,800.0,0.694165,1.440579,9001.2,799.5584,50,ok
0.50,10000,800.0,0.686731,1.456174,10101.0,800.0522,50,ok
0.50,11000,800.0,0.680875,1.468699,11074.6,799.9262,50,ok
0.50,12000,800.0,0.675429,1.480542,11975.3,800.4550,50,ok
0.60,2000,800.0,0.714339,1.399895,2001.0,800.0916,50,ok
0.60,3000,800.0,0.707600,1.413227,2998.8,799.8297,50,ok
0.60,4000,800.0,0.698179,1.432298,4007.3,799.9075,50,ok
0.60,5000,800.0,0.689544,1.450233,4999.0,800.2267,50,ok
0.60,6000,800.0,0.682099,1.466063,6036.3,799.8877,50,ok
0.60,7000,800.0,0.675073,1.481321,6981.1,799.9539,50,ok
0.60,8000,800.0,0.668140,1.496692,7980.8,800.0097,50,ok
0.60,9000,800.0,0.661919,1.510760,8999.2,800.4153,50,ok
0.60,10000,800.0,0.655388,1.525813,10021.6,799.7993,50,ok
0.60,11000,800.0,0.649549,1.539530,10970.0,800.2130,50,ok
0.60,12000,800.0,0.643971,1.552865,11851.6,798.9993,50,ok
0.70,2000,800.0,0.682760,1.464643,1993.2,799.8930,50,ok
0.70,3000,800.0,0.675000,1.481480,3012.7,800.2161,50,ok
0.70,4000,800.0,0.667230,1.498734,3996.6,800.4678,50,ok
0.70,5000,800.0,0.658935,1.517601,5052.1,800.5141,50,ok
0.70,6000,800.0,0.651777,1.534268,6007.8,799.9020,50,ok
0.70,7000,800.0,0.644910,1.550604,6976.2,799.6872,50,ok
0.70,8000,800.0,0.638623,1.565870,8020.1,799.4625,50,ok
0.70,9000,800.0,0.633174,1.579344,8961.8,800.5346,50,ok
0.70,10000,800.0,0.627109,1.594620,10053.9,800.6512,50,ok
0.70,11000,800.0,0.621222,1.609730,11033.2,799.6945,50,ok
0.70,12000,800.0,0.615858,1.623750,12029.5,800.6026,50,ok
0.80,2000,800.0,0.655405,1.525775,1991.3,799.9995,50,ok
0.80,3000,800.0,0.646411,1.547003,3025.3,800.2876,50,ok
0.80,4000,800.0,0.638700,1.565681,4001.1,800.3398,50,ok
0.80,5000,800.0,0.630761,1.585387,5043.9,799.9526,50,ok
0.80,6000,800.0,0.624930,1.600179,5949.1,800.5059,50,ok
0.80,7000,800.0,0.618295,1.617352,6978.0,799.3654,50,ok
0.80,8000,800.0,0.612160,1.633561,7944.2,800.1104,50,ok
0.80,9000,800.0,0.605937,1.650336,8995.5,799.5586,50,ok
0.80,10000,800.0,0.600299,1.665836,10022.9,800.3944,50,ok
0.80,11000,800.0,0.595395,1.679556,11033.3,800.4966,50,ok
0.80,12000,800.0,0.589539,1.696240,12097.2,799.2081,50,ok
0.90,2000,800.0,0.630924,1.584977,1996.5,800.1085,50,ok
0.90,3000,800.0,0.622229,1.607126,2995.5,800.0298,50,ok
0.90,4000,800.0,0.614351,1.627734,3965.9,800.1008,50,ok
0.90,5000,800.0,0.606758,1.648105,5016.2,800.7185,50,ok
0.90,6000,800.0,0.600143,1.666269,6025.9,800.2475,50,ok
0.90,7000,800.0,0.593959,1.683617,7000.5,799.2611,50,ok
0.90,8000,800.0,0.588191,1.700127,7997.2,799.5305,50,ok
0.90,9000,800.0,0.583059,1.715094,8927.7,800.3403,50,ok
0.90,10000,800.0,0.577615,1.731256,9917.6,799.7474,50,ok
0.90,11000,800.0,0.572239,1.747522,10947.9,799.9445,50,ok
0.90,12000,800.0,0.567181,1.763105,12096.5,800.0909,50,ok
1.00,2000,800.0,0.608261,1.644031,2006.5,799.8668,50,ok
1.00,3000,800.0,0.599732,1.667412,3017.1,799.8537,50,ok
1.00,4000,800.0,0.592148,1.688766,3969.9,800.1018,50,ok
1.00,5000,800.0,0.585234,1.708719,4990.4,800.0905,50,ok
1.00,6000,800.0,0.578437,1.728798,6030.8,799.5340,50,ok
1.00,7000,800.0,0.572319,1.747278,7046.3,799.8869,50,ok
1.00,8000,800.0,0.566442,1.765407,8046.2,799.3872,50,ok
1.00,9000,800.0,0.561176,1.781972,9028.1,799.7770,50,ok
1.00,10000,800.0,0.556527,1.796856,9953.8,800.3821,50,ok
1.00,11000,800.0,0.551422,1.813494,10963.8,799.9117,50,ok
1.00,12000,800.0,0.546130,1.831064,12014.7,799.2765,50,ok
