x_B,T_K,P_GPa,n_atoms_per_A3,V_per_atom_A3,T_mean_K,P_mean_GPa,n_samples,status
0.00,1400,5,0.079359,12.600990,1398.1,5.0245,51,ok
0.00,1900,5,0.077059,12.977139,1907.0,5.0040,51,ok
0.00,2000,5,0.076703,13.037344,1996.3,5.0393,51,ok
0.00,2300,5,0.075322,13.276265,2307.3,4.9579,51,ok
0.00,2600,5,0.074079,13.499025,2588.9,5.0104,51,ok
0.10,1200,5,0.086097,11.614843,1203.1,4.9944,51,ok
0.10,1400,5,0.085213,11.735232,1407.3,4.9896,51,ok
0.10,1500,5,0.084650,11.813323,1502.5,4.9907,51,ok
0.10,1600,5,0.084312,11.860722,1607.5,5.0058,51,ok
0.10,1700,5,0.083915,11.916827,1689.1,4.9921,51,ok
0.10,1800,5,0.083338,11.999370,1793.8,5.0041,51,ok
0.10,1900,5,0.082789,12.078857,1908.4,5.0234,51,ok
0.10,2000,5,0.082239,12.159662,2005.2,4.9829,51,ok
0.10,2300,5,0.080766,12.381378,2278.7,5.0474,51,ok
0.10,2600,5,0.079351,12.602219,2611.6,5.0439,51,ok
0.20,1200,5,0.092651,10.793246,1181.4,4.9951,51,ok
0.20,1400,5,0.091718,10.903030,1382.8,5.0373,51,ok
0.20,1500,5,0.091355,10.946264,1501.9,4.9776,51,ok
0.20,1600,5,0.090755,11.018686,1596.5,5.0046,51,ok
0.20,1700,5,0.090190,11.087662,1712.3,4.9805,51,ok
0.20,1800,5,0.089717,11.146123,1798.8,4.9851,51,ok
0.20,1900,5,0.089122,11.220584,1909.5,4.9511,51,ok
0.20,2000,5,0.088482,11.301783,2009.8,4.9748,51,ok
0.20,2300,5,0.086655,11.540023,2305.8,4.9894,51,ok
0.20,2600,5,0.085025,11.761286,2594.4,5.0731,51,ok
0.30,1200,5,0.100055,9.994526,1197.5,5.0227,51,ok
0.30,1400,5,0.099294,10.071150,1392.6,4.9984,51,ok
0.30,1500,5,0.098388,10.163838,1509.1,5.0060,51,ok
0.30,1600,5,0.098079,10.195838,1600.8,5.0415,51,ok
0.30,1700,5,0.097313,10.276137,1689.5,5.0575,51,ok
0.30,1800,5,0.096469,10.366016,1806.2,5.0357,51,ok
0.30,1900,5,0.095780,10.440646,1900.3,5.0253,51,ok
0.30,2000,5,0.095232,10.500658,1997.7,5.0103,51,ok
0.30,2300,5,0.093150,10.735360,2306.6,5.0180,51,ok
0.30,2600,5,0.091415,10.939106,2599.4,5.0239,51,ok
0.40,1200,5,0.107554,9.297689,1191.9,5.0569,51,ok
0.40,1500,5,0.106381,9.400193,1491.8,5.0751,51,ok
0.40,1600,5,0.105251,9.501059,1585.9,5.0580,51,ok
0.40,1700,5,0.104541,9.565627,1702.6,4.9969,51,ok
0.40,1800,5,0.103671,9.645872,1807.3,5.0167,51,ok
0.40,1900,5,0.102486,9.757442,1911.0,4.9517,51,ok
0.40,2000,5,0.102014,9.802618,2014.1,5.0415,51,ok
0.40,2300,5,0.099553,10.044904,2304.9,5.0353,51,ok
0.40,2600,5,0.097647,10.240925,2576.5,5.0436,51,ok
0.50,1200,5,0.115780,8.637054,1203.0,5.0042,51,ok
0.50,1500,5,0.113299,8.826209,1491.3,4.9574,51,ok
0.50,1600,5,0.112252,8.908536,1591.4,5.0714,51,ok
0.50,1700,5,0.111006,9.008494,1700.1,4.9933,51,ok
0.50,1800,5,0.110239,9.071179,1801.3,4.9511,51,ok
0.50,1900,5,0.109853,9.103089,1897.0,5.0131,51,ok
0.50,2000,5,0.108453,9.220618,1991.0,4.9920,51,ok
0.50,2300,5,0.105972,9.436487,2307.7,5.0413,51,ok
0.50,2600,5,0.103579,9.654439,2602.9,4.9477,51,ok
0.60,1200,5,0.121664,8.219328,1206.0,5.0592,51,ok
0.60,1500,5,0.118891,8.411094,1509.3,4.9828,51,ok
0.60,1600,5,0.118098,8.467580,1604.7,5.0038,51,ok
0.60,1700,5,0.116915,8.553204,1699.3,4.9696,51,ok
0.60,1800,5,0.115587,8.651495,1803.1,4.9716,51,ok
0.60,1900,5,0.115059,8.691172,1898.5,4.9481,51,ok
0.60,2000,5,0.114036,8.769147,1998.1,5.0415,51,ok
0.60,2300,5,0.111534,8.965874,2302.0,4.9589,51,ok
0.60,2600,5,0.109156,9.161180,2592.3,5.0036,51,ok
0.70,1200,5,0.126377,7.912830,1204.2,5.0750,51,ok
0.70,1500,5,0.123665,8.086393,1503.4,5.0251,51,ok
0.70,1600,5,0.122464,8.165648,1599.7,5.1031,51,ok
0.70,1700,5,0.121393,8.237690,1694.3,4.9796,51,ok
0.70,1800,5,0.120587,8.292777,1802.4,4.9752,51,ok
0.70,1900,5,0.119332,8.379999,1898.4,4.9788,51,ok
0.70,2000,5,0.118661,8.427380,2015.5,5.0953,51,ok
0.70,2300,5,0.115877,8.629854,2311.6,4.9961,51,ok
0.70,2600,5,0.113820,8.785772,2593.9,5.0077,51,ok
0.80,1200,5,0.130749,7.648243,1196.7,5.0247,51,ok
0.80,1500,5,0.128249,7.797343,1485.5,5.1195,51,ok
0.80,1600,5,0.126930,7.878387,1595.3,5.0476,51,ok
0.80,1700,5,0.125617,7.960703,1701.8,4.9954,51,ok
0.80,1800,5,0.124751,8.015967,1791.9,4.9966,51,ok
0.80,1900,5,0.123542,8.094398,1909.6,4.9940,51,ok
0.80,2000,5,0.122823,8.141783,1998.5,5.0035,51,ok
0.80,2300,5,0.120166,8.321822,2310.1,5.0309,51,ok
0.80,2600,5,0.117913,8.480844,2587.8,5.0608,51,ok
0.90,1500,5,0.130688,7.651815,1504.6,5.0428,51,ok
0.90,1600,5,0.130016,7.691359,1592.1,4.9125,51,ok
0.90,1700,5,0.129145,7.743228,1683.4,5.0347,51,ok
0.90,1800,5,0.127876,7.820093,1795.6,4.9583,51,ok
0.90,1900,5,0.126975,7.875581,1907.8,4.9747,51,ok
0.90,2000,5,0.126209,7.923336,2004.8,4.9967,51,ok
0.90,2300,5,0.123779,8.078918,2303.4,4.9439,51,ok
0.90,2600,5,0.121454,8.233601,2599.8,5.0717,51,ok
0.95,1200,5,0.132210,7.563735,1192.2,4.9513,51,ok
0.95,1500,5,0.131605,7.598468,1493.4,4.9973,51,ok
0.95,1600,5,0.130407,7.668284,1609.7,5.0701,51,ok
0.95,1700,5,0.129046,7.749149,1708.9,4.9518,51,ok
0.95,1800,5,0.129245,7.737225,1796.8,4.8818,51,ok
0.95,1900,5,0.128305,7.793923,1912.9,5.0705,51,ok
0.95,2000,5,0.127678,7.832215,2010.4,5.0294,51,ok
0.95,2300,5,0.125193,7.987651,2309.4,4.9132,51,ok
0.95,2600,5,0.123102,8.123368,2594.0,5.0212,51,ok
0.98,1500,5,0.132101,7.569986,1503.2,4.8999,51,ok
0.98,1600,5,0.130818,7.644222,1609.2,5.0229,51,ok
0.98,1700,5,0.131136,7.625661,1695.2,5.1137,51,ok
0.98,1800,5,0.129628,7.714376,1795.4,4.9649,51,ok
0.98,1900,5,0.129287,7.734714,1907.8,4.9782,51,ok
0.98,2000,5,0.128380,7.789366,1996.3,4.9203,51,ok
0.98,2300,5,0.126477,7.906579,2279.0,5.0155,51,ok
0.98,2600,5,0.124058,8.060725,2589.2,4.8270,51,ok
1.00,2600,5,0.124466,8.034314,2598.9,4.9843,51,ok
